pattern_name,detection_count,detection_rate_%
P1,0,0.0
P2,1,8.333333333333332
P3,2,16.666666666666664
P4,2,16.666666666666664
P5,0,0.0
P6,3,25.0
P7,1,8.333333333333332
P8,2,16.666666666666664
P9,1,8.333333333333332
