{
  "ssim": {
    "name": "SSIM（構造類似性）",
    "threshold": 0.941875,
    "condition": ">= 0.9419",
    "mean": 0.957063,
    "std": 0.020711063996311157,
    "min": 0.889,
    "max": 0.9931
  },
  "ms_ssim": {
    "name": "MS-SSIM（マルチスケールSSIM）",
    "threshold": 0.9889749999999999,
    "condition": ">= 0.9890",
    "mean": 0.9903455,
    "std": 0.002072184716063564,
    "min": 0.9848,
    "max": 0.9953
  },
  "psnr": {
    "name": "PSNR（信号対雑音比）",
    "threshold": 35.1375,
    "condition": ">= 35.1375",
    "mean": 36.724500000000006,
    "std": 2.108540601301451,
    "min": 32.39,
    "max": 42.0
  },
  "lpips": {
    "name": "LPIPS（知覚的類似度）",
    "threshold": 0.220025,
    "condition": "<= 0.2200",
    "mean": 0.1790005,
    "std": 0.052984835696820796,
    "min": 0.0764,
    "max": 0.3231
  },
  "sharpness": {
    "name": "シャープネス",
    "threshold": 0.68,
    "condition": ">= 0.6800",
    "mean": 1.4487,
    "std": 0.8932023073240716,
    "min": 0.27,
    "max": 4.15
  },
  "contrast": {
    "name": "コントラスト",
    "threshold": 51.4375,
    "condition": ">= 51.4375",
    "mean": 58.819500000000005,
    "std": 11.783153068307133,
    "min": 28.2,
    "max": 80.95
  },
  "entropy": {
    "name": "エントロピー（情報量）",
    "threshold": 7.335,
    "condition": ">= 7.3350",
    "mean": 7.464225,
    "std": 0.32119823459122965,
    "min": 6.505,
    "max": 7.855
  },
  "noise": {
    "name": "ノイズレベル",
    "threshold": 2.99,
    "condition": "<= 2.9900",
    "mean": 2.7082500000000005,
    "std": 0.5065762876170572,
    "min": 1.63,
    "max": 4.41
  },
  "edge_density": {
    "name": "エッジ密度",
    "threshold": 0.19,
    "condition": ">= 0.1900",
    "mean": 0.44984999999999997,
    "std": 0.31746400500271177,
    "min": 0.04,
    "max": 1.48
  },
  "artifact_total": {
    "name": "アーティファクト",
    "threshold": 421.9525,
    "condition": "<= 421.9525",
    "mean": 364.59235,
    "std": 75.96688609448171,
    "min": 198.39,
    "max": 561.72
  },
  "delta_e": {
    "name": "色差（ΔE）",
    "threshold": 1.18,
    "condition": "<= 1.1800",
    "mean": 1.09685,
    "std": 0.11258755387000892,
    "min": 0.82,
    "max": 1.33
  },
  "high_freq_ratio": {
    "name": "高周波成分比率",
    "threshold": 0.3386010966758136,
    "condition": ">= 0.3386",
    "mean": 0.38526230821823865,
    "std": 0.05234246637428857,
    "min": 0.275713831164537,
    "max": 0.4917905199784699
  },
  "texture_complexity": {
    "name": "テクスチャ複雑度",
    "threshold": 3.9849844516720623,
    "condition": ">= 3.9850",
    "mean": 4.58810793380253,
    "std": 0.9658911602701721,
    "min": 2.346211653202772,
    "max": 6.10459235496819
  },
  "local_quality_mean": {
    "name": "局所品質平均",
    "threshold": 0.9393750000000001,
    "condition": ">= 0.9394",
    "mean": 0.952604,
    "std": 0.017466055636504982,
    "min": 0.8971,
    "max": 0.9818
  },
  "histogram_corr": {
    "name": "ヒストグラム相関",
    "threshold": 0.59625,
    "condition": ">= 0.5962",
    "mean": 0.7400954999999999,
    "std": 0.25791421449766927,
    "min": 0.1337,
    "max": 0.9949
  },
  "lab_L_mean": {
    "name": "LAB明度（参考値）",
    "threshold": 125.57878589630127,
    "condition": "参考値: 125.5788",
    "mean": 132.86140182971954,
    "std": 24.24620024206971,
    "min": 94.75084686279295,
    "max": 186.8794822692871
  },
  "total_score": {
    "name": "総合スコア",
    "threshold": 54.175000000000004,
    "condition": ">= 54.1750",
    "mean": 55.791000000000004,
    "std": 3.1696454472553444,
    "min": 46.8,
    "max": 60.4
  }
}