{
  "ssim": {
    "name": "SSIM（構造類似性）",
    "threshold": 0.9514,
    "condition": ">= 0.9514",
    "mean": 0.9613378888888888,
    "std": 0.02415270611020487,
    "min": 0.8374,
    "max": 1.0061
  },
  "ms_ssim": {
    "name": "MS-SSIM（マルチスケールSSIM）",
    "threshold": 0.9852,
    "condition": ">= 0.9852",
    "mean": 0.9905784444444445,
    "std": 0.005730485754978491,
    "min": 0.9742,
    "max": 0.9969
  },
  "psnr": {
    "name": "PSNR（信号対雑音比）",
    "threshold": 37.97,
    "condition": ">= 37.9700",
    "mean": 39.5478,
    "std": 2.5407836117058045,
    "min": 31.29,
    "max": 44.39
  },
  "lpips": {
    "name": "LPIPS（知覚的類似度）",
    "threshold": 0.21539999999999998,
    "condition": "<= 0.2154",
    "mean": 0.16504900000000003,
    "std": 0.07482841156998299,
    "min": 0.0504,
    "max": 0.3788
  },
  "sharpness": {
    "name": "シャープネス",
    "threshold": 1.41,
    "condition": ">= 1.4100",
    "mean": 3.357977777777778,
    "std": 2.4447272082946485,
    "min": 0.26,
    "max": 14.98
  },
  "contrast": {
    "name": "コントラスト",
    "threshold": 48.7425,
    "condition": ">= 48.7425",
    "mean": 57.15732222222222,
    "std": 12.138802410750722,
    "min": 27.35,
    "max": 83.86
  },
  "entropy": {
    "name": "エントロピー（情報量）",
    "threshold": 7.215,
    "condition": ">= 7.2150",
    "mean": 7.381832222222223,
    "std": 0.31549512558274007,
    "min": 6.372,
    "max": 7.884
  },
  "noise": {
    "name": "ノイズレベル",
    "threshold": 5.2975,
    "condition": "<= 5.2975",
    "mean": 3.880733333333333,
    "std": 2.162493235183308,
    "min": 1.14,
    "max": 10.3
  },
  "edge_density": {
    "name": "エッジ密度",
    "threshold": 0.14,
    "condition": ">= 0.1400",
    "mean": 0.3986555555555556,
    "std": 0.28650840648750847,
    "min": 0.01,
    "max": 1.84
  },
  "artifact_total": {
    "name": "アーティファクト",
    "threshold": 580.4875,
    "condition": "<= 580.4875",
    "mean": 445.44509999999997,
    "std": 215.00791747661717,
    "min": 127.63,
    "max": 1108.03
  },
  "delta_e": {
    "name": "色差（ΔE）",
    "threshold": 1.21,
    "condition": "<= 1.2100",
    "mean": 1.0646555555555557,
    "std": 0.18761483164325654,
    "min": 0.66,
    "max": 1.64
  },
  "high_freq_ratio": {
    "name": "高周波成分比率",
    "threshold": 0.38689748121380907,
    "condition": ">= 0.3869",
    "mean": 0.46066220542914554,
    "std": 0.0789784756079951,
    "min": 0.3135576257980803,
    "max": 0.6336857899807077
  },
  "texture_complexity": {
    "name": "テクスチャ複雑度",
    "threshold": 3.376562227495015,
    "condition": ">= 3.3766",
    "mean": 4.150636239070446,
    "std": 1.082795017089948,
    "min": 1.5450792666524649,
    "max": 6.618180396035314
  },
  "local_quality_mean": {
    "name": "局所品質平均",
    "threshold": 0.94715,
    "condition": ">= 0.9472",
    "mean": 0.9564791111111111,
    "std": 0.022250205965448543,
    "min": 0.8534,
    "max": 0.9885
  },
  "histogram_corr": {
    "name": "ヒストグラム相関",
    "threshold": 0.6448,
    "condition": ">= 0.6448",
    "mean": 0.78031,
    "std": 0.2779539348723314,
    "min": -0.0174,
    "max": 0.999
  },
  "lab_L_mean": {
    "name": "LAB明度（参考値）",
    "threshold": 138.32347202301025,
    "condition": "参考値: 138.3235",
    "mean": 142.6143630133735,
    "std": 24.637150710202523,
    "min": 94.04277420043944,
    "max": 194.41529369354248
  },
  "total_score": {
    "name": "総合スコア",
    "threshold": 52.2,
    "condition": ">= 52.2000",
    "mean": 54.50888888888889,
    "std": 3.297278496371671,
    "min": 45.0,
    "max": 60.2
  }
}