{
  "ssim": {
    "name": "SSIM（構造類似性）",
    "threshold": 0.9507,
    "condition": ">= 0.9507",
    "mean": 0.9590583333333335,
    "std": 0.020413340483540886,
    "min": 0.9255,
    "max": 0.9939
  },
  "ms_ssim": {
    "name": "MS-SSIM（マルチスケールSSIM）",
    "threshold": 0.9832000000000001,
    "condition": ">= 0.9832",
    "mean": 0.9890083333333332,
    "std": 0.006776222913223624,
    "min": 0.9769,
    "max": 0.9953
  },
  "psnr": {
    "name": "PSNR（信号対雑音比）",
    "threshold": 35.7875,
    "condition": ">= 35.7875",
    "mean": 37.818333333333335,
    "std": 2.9875889742044293,
    "min": 32.79,
    "max": 40.87
  },
  "lpips": {
    "name": "LPIPS（知覚的類似度）",
    "threshold": 0.21687499999999998,
    "condition": "<= 0.2169",
    "mean": 0.16732499999999997,
    "std": 0.08123035846506918,
    "min": 0.0713,
    "max": 0.3092
  },
  "sharpness": {
    "name": "シャープネス",
    "threshold": 0.83,
    "condition": ">= 0.8300",
    "mean": 2.0925,
    "std": 1.4060138690638866,
    "min": 0.59,
    "max": 4.29
  },
  "contrast": {
    "name": "コントラスト",
    "threshold": 61.6925,
    "condition": ">= 61.6925",
    "mean": 63.39166666666666,
    "std": 8.670048582576825,
    "min": 48.29,
    "max": 71.73
  },
  "entropy": {
    "name": "エントロピー（情報量）",
    "threshold": 7.3465,
    "condition": ">= 7.3465",
    "mean": 7.583999999999999,
    "std": 0.2891976361024978,
    "min": 7.077,
    "max": 7.871
  },
  "noise": {
    "name": "ノイズレベル",
    "threshold": 5.0275,
    "condition": "<= 5.0275",
    "mean": 3.9891666666666663,
    "std": 2.593206012688237,
    "min": 1.62,
    "max": 9.03
  },
  "edge_density": {
    "name": "エッジ密度",
    "threshold": 0.08,
    "condition": ">= 0.0800",
    "mean": 0.24000000000000002,
    "std": 0.1785293456906379,
    "min": 0.07,
    "max": 0.52
  },
  "artifact_total": {
    "name": "アーティファクト",
    "threshold": 545.3425,
    "condition": "<= 545.3425",
    "mean": 466.2291666666667,
    "std": 244.9562441987746,
    "min": 247.62,
    "max": 953.46
  },
  "delta_e": {
    "name": "色差（ΔE）",
    "threshold": 1.3025,
    "condition": "<= 1.3025",
    "mean": 1.1983333333333333,
    "std": 0.17785762095938798,
    "min": 0.93,
    "max": 1.52
  },
  "high_freq_ratio": {
    "name": "高周波成分比率",
    "threshold": 0.3677911809237535,
    "condition": ">= 0.3678",
    "mean": 0.4239725747303639,
    "std": 0.08374287998194882,
    "min": 0.3424959866343185,
    "max": 0.5481383826805997
  },
  "texture_complexity": {
    "name": "テクスチャ複雑度",
    "threshold": 3.8136735535226767,
    "condition": ">= 3.8137",
    "mean": 4.459367839153856,
    "std": 0.7806644531344487,
    "min": 3.455501329153776,
    "max": 5.329178413376212
  },
  "local_quality_mean": {
    "name": "局所品質平均",
    "threshold": 0.94415,
    "condition": ">= 0.9442",
    "mean": 0.9513916666666667,
    "std": 0.01993924674119012,
    "min": 0.9186,
    "max": 0.9811
  },
  "histogram_corr": {
    "name": "ヒストグラム相関",
    "threshold": 0.56515,
    "condition": ">= 0.5652",
    "mean": 0.6139,
    "std": 0.2770473015077521,
    "min": 0.0531,
    "max": 0.9952
  },
  "lab_L_mean": {
    "name": "LAB明度（参考値）",
    "threshold": 152.78335809707642,
    "condition": "参考値: 152.7834",
    "mean": 156.09309657414755,
    "std": 25.370438667357497,
    "min": 130.4485321044922,
    "max": 187.67772006988525
  },
  "total_score": {
    "name": "総合スコア",
    "threshold": 54.95,
    "condition": ">= 54.9500",
    "mean": 56.05833333333333,
    "std": 2.21419319734108,
    "min": 52.1,
    "max": 58.5
  }
}