{
  "ssim": {
    "name": "SSIM（構造類似性）",
    "threshold": 0.940275,
    "condition": ">= 0.9403",
    "mean": 0.9541223333333335,
    "std": 0.028100883736604257,
    "min": 0.8374,
    "max": 0.9973
  },
  "ms_ssim": {
    "name": "MS-SSIM（マルチスケールSSIM）",
    "threshold": 0.9852749999999999,
    "condition": ">= 0.9853",
    "mean": 0.990216,
    "std": 0.005910402144668815,
    "min": 0.9751,
    "max": 0.9963
  },
  "psnr": {
    "name": "PSNR（信号対雑音比）",
    "threshold": 37.120000000000005,
    "condition": ">= 37.1200",
    "mean": 38.9061,
    "std": 2.5808187087352454,
    "min": 32.65,
    "max": 44.03
  },
  "lpips": {
    "name": "LPIPS（知覚的類似度）",
    "threshold": 0.226275,
    "condition": "<= 0.2263",
    "mean": 0.16771033333333332,
    "std": 0.07504604824871226,
    "min": 0.0609,
    "max": 0.3788
  },
  "sharpness": {
    "name": "シャープネス",
    "threshold": 2.325,
    "condition": ">= 2.3250",
    "mean": 4.254433333333333,
    "std": 2.7259564941960686,
    "min": 0.56,
    "max": 14.98
  },
  "contrast": {
    "name": "コントラスト",
    "threshold": 51.9825,
    "condition": ">= 51.9825",
    "mean": 59.51643333333333,
    "std": 11.828249372707926,
    "min": 28.27,
    "max": 83.18
  },
  "entropy": {
    "name": "エントロピー（情報量）",
    "threshold": 7.274,
    "condition": ">= 7.2740",
    "mean": 7.430143333333333,
    "std": 0.31101491450685753,
    "min": 6.534,
    "max": 7.884
  },
  "noise": {
    "name": "ノイズレベル",
    "threshold": 5.5825,
    "condition": "<= 5.5825",
    "mean": 4.288333333333333,
    "std": 2.291894374011954,
    "min": 1.39,
    "max": 10.3
  },
  "edge_density": {
    "name": "エッジ密度",
    "threshold": 0.24,
    "condition": ">= 0.2400",
    "mean": 0.49770000000000003,
    "std": 0.32901958852339935,
    "min": 0.02,
    "max": 1.84
  },
  "artifact_total": {
    "name": "アーティファクト",
    "threshold": 601.2125,
    "condition": "<= 601.2125",
    "mean": 497.77029999999996,
    "std": 226.64400077035788,
    "min": 168.83,
    "max": 1108.03
  },
  "delta_e": {
    "name": "色差（ΔE）",
    "threshold": 1.25,
    "condition": "<= 1.2500",
    "mean": 1.1144666666666665,
    "std": 0.18686835337709928,
    "min": 0.72,
    "max": 1.54
  },
  "high_freq_ratio": {
    "name": "高周波成分比率",
    "threshold": 0.4229645629907625,
    "condition": ">= 0.4230",
    "mean": 0.48456920232117406,
    "std": 0.07455661236179932,
    "min": 0.317393811325098,
    "max": 0.6139247843778954
  },
  "texture_complexity": {
    "name": "テクスチャ複雑度",
    "threshold": 3.96426172927022,
    "condition": ">= 3.9643",
    "mean": 4.613863504352048,
    "std": 0.9955563418840682,
    "min": 2.177615649998188,
    "max": 6.319799032062292
  },
  "local_quality_mean": {
    "name": "局所品質平均",
    "threshold": 0.9366,
    "condition": ">= 0.9366",
    "mean": 0.950941,
    "std": 0.02553200009981572,
    "min": 0.8534,
    "max": 0.9876
  },
  "histogram_corr": {
    "name": "ヒストグラム相関",
    "threshold": 0.5121249999999999,
    "condition": ">= 0.5121",
    "mean": 0.7085526666666666,
    "std": 0.29343575794317883,
    "min": -0.0174,
    "max": 0.9989
  },
  "lab_L_mean": {
    "name": "LAB明度（参考値）",
    "threshold": 125.07774591445924,
    "condition": "参考値: 125.0777",
    "mean": 132.39983883539836,
    "std": 24.503540090355315,
    "min": 94.04277420043944,
    "max": 187.67772006988525
  },
  "total_score": {
    "name": "総合スコア",
    "threshold": 53.95,
    "condition": ">= 53.9500",
    "mean": 55.47033333333334,
    "std": 3.152822150698536,
    "min": 45.7,
    "max": 60.2
  }
}