{
  "ssim": {
    "name": "SSIM（構造類似性）",
    "threshold": 0.937225,
    "condition": ">= 0.9372",
    "mean": 0.9510000000000001,
    "std": 0.020599382161961693,
    "min": 0.9214,
    "max": 0.9826
  },
  "ms_ssim": {
    "name": "MS-SSIM（マルチスケールSSIM）",
    "threshold": 0.9800249999999999,
    "condition": ">= 0.9800",
    "mean": 0.9872583333333335,
    "std": 0.0066542479027697134,
    "min": 0.9758,
    "max": 0.9932
  },
  "psnr": {
    "name": "PSNR（信号対雑音比）",
    "threshold": 33.8425,
    "condition": ">= 33.8425",
    "mean": 36.08166666666667,
    "std": 2.7145729057452233,
    "min": 31.67,
    "max": 39.7
  },
  "lpips": {
    "name": "LPIPS（知覚的類似度）",
    "threshold": 0.2536,
    "condition": "<= 0.2536",
    "mean": 0.19891666666666663,
    "std": 0.08238974818544238,
    "min": 0.0993,
    "max": 0.3453
  },
  "sharpness": {
    "name": "シャープネス",
    "threshold": 0.585,
    "condition": ">= 0.5850",
    "mean": 0.7933333333333333,
    "std": 0.2668446375816097,
    "min": 0.28,
    "max": 1.09
  },
  "contrast": {
    "name": "コントラスト",
    "threshold": 61.522499999999994,
    "condition": ">= 61.5225",
    "mean": 63.19833333333332,
    "std": 8.703835970769473,
    "min": 48.14,
    "max": 71.53
  },
  "entropy": {
    "name": "エントロピー（情報量）",
    "threshold": 7.372,
    "condition": ">= 7.3720",
    "mean": 7.605916666666666,
    "std": 0.27001665212398,
    "min": 7.161,
    "max": 7.861
  },
  "noise": {
    "name": "ノイズレベル",
    "threshold": 3.6399999999999997,
    "condition": "<= 3.6400",
    "mean": 2.9608333333333334,
    "std": 1.0006766650016319,
    "min": 1.93,
    "max": 4.61
  },
  "edge_density": {
    "name": "エッジ密度",
    "threshold": 0.095,
    "condition": ">= 0.0950",
    "mean": 0.225,
    "std": 0.14625631299506048,
    "min": 0.05,
    "max": 0.52
  },
  "artifact_total": {
    "name": "アーティファクト",
    "threshold": 424.555,
    "condition": "<= 424.5550",
    "mean": 380.65833333333336,
    "std": 117.44650332140263,
    "min": 254.72000000000003,
    "max": 591.9499999999999
  },
  "delta_e": {
    "name": "色差（ΔE）",
    "threshold": 1.3675000000000002,
    "condition": "<= 1.3675",
    "mean": 1.2266666666666668,
    "std": 0.2182714462370748,
    "min": 0.91,
    "max": 1.64
  },
  "high_freq_ratio": {
    "name": "高周波成分比率",
    "threshold": 0.32108309066144525,
    "condition": ">= 0.3211",
    "mean": 0.3639340741150429,
    "std": 0.04893716796328252,
    "min": 0.3159156043945367,
    "max": 0.465340676720019
  },
  "texture_complexity": {
    "name": "テクスチャ複雑度",
    "threshold": 3.8568001706153154,
    "condition": ">= 3.8568",
    "mean": 4.518345365067944,
    "std": 0.7988074734638192,
    "min": 3.564930707216263,
    "max": 5.577515512704849
  },
  "local_quality_mean": {
    "name": "局所品質平均",
    "threshold": 0.931825,
    "condition": ">= 0.9318",
    "mean": 0.9417166666666666,
    "std": 0.01925172168609309,
    "min": 0.9108,
    "max": 0.9712
  },
  "histogram_corr": {
    "name": "ヒストグラム相関",
    "threshold": 0.5231250000000001,
    "condition": ">= 0.5231",
    "mean": 0.6422166666666667,
    "std": 0.2606762981635316,
    "min": 0.0786,
    "max": 0.9938
  },
  "lab_L_mean": {
    "name": "LAB明度（参考値）",
    "threshold": 152.78232669830322,
    "condition": "参考値: 152.7823",
    "mean": 156.13446807861328,
    "std": 25.38749731233835,
    "min": 130.53868675231934,
    "max": 187.7897710800171
  },
  "total_score": {
    "name": "総合スコア",
    "threshold": 55.075,
    "condition": ">= 55.0750",
    "mean": 56.408333333333324,
    "std": 2.293254271012081,
    "min": 52.4,
    "max": 59.0
  }
}