{
  "ssim": {
    "name": "SSIM (Structural Similarity)",
    "threshold": 0.9229,
    "condition": ">= 0.9229",
    "mean": 0.932175,
    "std": 0.017571259677856537,
    "min": 0.9226,
    "max": 0.9585
  },
  "ms_ssim": {
    "name": "MS-SSIM (Multi-Scale SSIM)",
    "threshold": 0.9773000000000001,
    "condition": ">= 0.9773",
    "mean": 0.978375,
    "std": 0.0020139099615755635,
    "min": 0.9758,
    "max": 0.9803
  },
  "psnr": {
    "name": "PSNR (Peak Signal-to-Noise Ratio)",
    "threshold": 32.8875,
    "condition": ">= 32.8875",
    "mean": 33.395,
    "std": 1.2778758416476421,
    "min": 31.95,
    "max": 35.06
  },
  "lpips": {
    "name": "LPIPS (Perceptual Similarity)",
    "threshold": 0.32975,
    "condition": "<= 0.3297",
    "mean": 0.269275,
    "std": 0.0785900492004766,
    "min": 0.1803,
    "max": 0.3452
  },
  "sharpness": {
    "name": "Sharpness",
    "threshold": 0.7325,
    "condition": ">= 0.7325",
    "mean": 0.8425,
    "std": 0.22051077071199945,
    "min": 0.56,
    "max": 1.07
  },
  "contrast": {
    "name": "Contrast",
    "threshold": 62.405,
    "condition": ">= 62.4050",
    "mean": 64.04750000000001,
    "std": 9.51373874982911,
    "min": 50.09,
    "max": 71.31
  },
  "entropy": {
    "name": "Entropy (Information Content)",
    "threshold": 7.26525,
    "condition": ">= 7.2652",
    "mean": 7.538500000000001,
    "std": 0.32356194667070043,
    "min": 7.245,
    "max": 7.826
  },
  "noise": {
    "name": "Noise Level",
    "threshold": 2.5525,
    "condition": "<= 2.5525",
    "mean": 2.3475,
    "std": 0.3156342820417326,
    "min": 1.93,
    "max": 2.65
  },
  "edge_density": {
    "name": "Edge Density",
    "threshold": 0.3225,
    "condition": ">= 0.3225",
    "mean": 0.3625,
    "std": 0.12658988901172163,
    "min": 0.21,
    "max": 0.52
  },
  "artifact_total": {
    "name": "Artifacts",
    "threshold": 338.535,
    "condition": "<= 338.5350",
    "mean": 305.615,
    "std": 45.35382563797679,
    "min": 253.67,
    "max": 351.9
  },
  "delta_e": {
    "name": "Color Difference (ΔE)",
    "threshold": 1.4849999999999999,
    "condition": "<= 1.4850",
    "mean": 1.445,
    "std": 0.10661457061146319,
    "min": 1.34,
    "max": 1.59
  },
  "high_freq_ratio": {
    "name": "High Frequency Ratio",
    "threshold": 0.34621759160902177,
    "condition": ">= 0.3462",
    "mean": 0.34866494627992906,
    "std": 0.012184616670508873,
    "min": 0.3315045814296991,
    "max": 0.3603052875116551
  },
  "texture_complexity": {
    "name": "Texture Complexity",
    "threshold": 3.904032764257863,
    "condition": ">= 3.9040",
    "mean": 4.60315594333224,
    "std": 0.9374530407174166,
    "min": 3.6201016092672944,
    "max": 5.546140121296048
  },
  "local_quality_mean": {
    "name": "Local Quality Mean",
    "threshold": 0.9124749999999999,
    "condition": ">= 0.9125",
    "mean": 0.9234,
    "std": 0.01855029200129563,
    "min": 0.9118,
    "max": 0.9509
  },
  "histogram_corr": {
    "name": "Histogram Correlation",
    "threshold": 0.34845000000000004,
    "condition": ">= 0.3485",
    "mean": 0.46404999999999996,
    "std": 0.28619719891478085,
    "min": 0.0921,
    "max": 0.7783
  },
  "lab_L_mean": {
    "name": "LAB Lightness (Reference)",
    "threshold": 153.2099847793579,
    "condition": "Reference: 153.2100",
    "mean": 156.19494080543518,
    "std": 28.40945765611603,
    "min": 131.0265188217163,
    "max": 187.3332748413086
  }
}